Workbook

Sheet Parameters-FG
A1: Site | B1: Production Line | C1: Line TRP | D1: Part No. | E1: Description | F1: Mini Production QTY(MPQ) | G1: Cycle time | H1: Target Stock | I1: No. of hours/shift | J1: No. of shift/day | K1: Output per shift | L1: Headcount
A2: WL | B2: PGLINKAGE | C2: 0.71 | D2: WA14208 | E2: DX11电机连杆总成 | F2: 48 | G2: =VLOOKUP(D2,'WL CT '!A:C,3,0) | H2: 0 | I2: 8 | J2: 3 | K2: =ROUNDUP(3600/G2*C2*I2,0) | L2: 3
A3: WL | B3: PGLINKAGE | C3: 0.71 | D3: WAB6404 | E3: E371 A1 传动杆总成 | F3: 72 | G3: =VLOOKUP(D3,'WL CT '!A:C,3,0) | H3: 0 | I3: 8 | J3: 3 | K3: =ROUNDUP(3600/G3*C3*I3,0) | L3: 3
A4: WL | B4: PGLINKAGE | C4: 0.71 | D4: WB35356 | E4: 930B传动杆总成 | F4: 60 | G4: =VLOOKUP(D4,'WL CT '!A:C,3,0) | H4: 0 | I4: 8 | J4: 3 | K4: =ROUNDUP(3600/G4*C4*I4,0) | L4: 3
A5: WL | B5: PGLINKAGE | C5: 0.71 | D5: WB80510 | E5: CX11 LHD传动杆总成（新） | F5: 48 | G5: =VLOOKUP(D5,'WL CT '!A:C,3,0) | H5: 0 | I5: 8 | J5: 3 | K5: =ROUNDUP(3600/G5*C5*I5,0) | L5: 3
A6: WL | B6: PGLINKAGE | C6: 0.71 | D6: WC07674 | E6: CM2E 电机及连杆机构 | F6: 72 | G6: =VLOOKUP(D6,'WL CT '!A:C,3,0) | H6: 0 | I6: 8 | J6: 3 | K6: =ROUNDUP(3600/G6*C6*I6,0) | L6: 3
A7: WL | B7: PGLINKAGE | C7: 0.71 | D7: WD48696 | E7: L743 传动杆总成 | F7: 60 | G7: =VLOOKUP(D7,'WL CT '!A:C,3,0) | H7: 0 | I7: 8 | J7: 3 | K7: =ROUNDUP(3600/G7*C7*I7,0) | L7: 3
A8: WL | B8: PGLINKAGE | C8: 0.71 | D8: WD59238 | E8: E371传动杆总成 | F8: 48 | G8: =VLOOKUP(D8,'WL CT '!A:C,3,0) | H8: 0 | I8: 8 | J8: 3 | K8: =ROUNDUP(3600/G8*C8*I8,0) | L8: 3
A9: WL | B9: PGLINKAGE | C9: 0.71 | D9: W144813S | E9: Geely DCY11前雨刮电机传动杆总成 (备件) | F9: 72 | G9: =VLOOKUP(D9,'WL CT '!A:C,3,0) | H9: 0 | I9: 8 | J9: 3 | K9: =ROUNDUP(3600/G9*C9*I9,0) | L9: 3
A10: WL | B10: PGLINKAGE | C10: 0.71 | D10: W000076959VA | E10: 领克 01&03 前雨刮电机传动杆 | F10: 60 | G10: =VLOOKUP(D10,'WL CT '!A:C,3,0) | H10: 0 | I10: 8 | J10: 3 | K10: =ROUNDUP(3600/G10*C10*I10,0) | L10: 3
A11: WL | B11: PGLINKAGE | C11: 0.71 | D11: W243255S | E11: 宝马欧洲G38前雨刮电机传动杆成品 (备件) | F11: 48 | G11: =VLOOKUP(D11,'WL CT '!A:C,3,0) | H11: 0 | I11: 8 | J11: 3 | K11: =ROUNDUP(3600/G11*C11*I11,0) | L11: 3
A12: WL | B12: PGLINKAGE | C12: 0.71 | D12: WA14208S | E12: 吉利DX11左驾前雨刮电机传动杆 (备件) | F12: 72 | G12: =VLOOKUP(D12,'WL CT '!A:C,3,0) | H12: 0 | I12: 8 | J12: 3 | K12: =ROUNDUP(3600/G12*C12*I12,0) | L12: 3
A13: WL | B13: PGLINKAGE | C13: 0.71 | D13: WD48696S | E13: 领克L743左驾前雨刮电机传动杆总成 (备件) | F13: 60 | G13: =VLOOKUP(D13,'WL CT '!A:C,3,0) | H13: 0 | I13: 8 | J13: 3 | K13: =ROUNDUP(3600/G13*C13*I13,0) | L13: 3
... A18: WL | B18: PGLINKAGE | C18: 0.71 | D18: WCA1894 | E18: Chery KP31 LHD 传动杆 | F18: 60 | G18: =VLOOKUP(D18,'WL CT '!A:C,3,0) | H18: 0 | I18: 8 | J18: 3 | K18: =ROUNDUP(3600/G18*C18*I18,0) | L18: 3
A19: SY38 | B19: PU07 | C19: 0.85 | D19: L755390S | E19: B9 Low Fender L | F19: 70 | G19: 35 | H19: 0 | I19: 12 | J19: 2 | K19: =ROUNDUP(3600/G19*C19*I19,0) | L19: 12
A20: SY38 | B20: PU07 | C20: 0.85 | D20: L755392S | E20: B9 Low Fender R | F20: 70 | G20: 35 | H20: 0 | I20: 12 | J20: 2 | K20: =ROUNDUP(3600/G20*C20*I20,0) | L20: 12
A21: SY38 | B21: PU07 | C21: 0.85 | D21: LA96403S | E21: B9RL Fender lamp Left side OEM | F21: 70 | G21: 35 | H21: 0 | I21: 12 | J21: 2 | K21: =ROUNDUP(3600/G21*C21*I21,0) | L21: 12
A22: SY38 | B22: PU07 | C22: 0.85 | D22: LA96404S | E22: B9RL Fender lamp Right side OEM | F22: 70 | G22: 35 | H22: 0 | I22: 12 | J22: 2 | K22: =ROUNDUP(3600/G22*C22*I22,0) | L22: 12
A23: SY38 | B23: PU07 | C23: 0.85 | D23: LA83453S | E23: B9 Low Trunk | F23: 24 | G23: 70 | H23: 0 | I23: 12 | J23: 2 | K23: =ROUNDUP(3600/G23*C23*I23,0) | L23: 12
A24: SY38 | B24: PU07 | C24: 0.85 | D24: L755548S | E24: B9 High Trunk | F24: 24 | G24: 70 | H24: 0 | I24: 12 | J24: 2 | K24: =ROUNDUP(3600/G24*C24*I24,0) | L24: 12
A25: SY38 | B25: PU07 | C25: 0.85 | D25: LA96445S | E25: B9RL TRUNK High OEM | F25: 24 | G25: 70 | H25: 0 | I25: 12 | J25: 2 | K25: =ROUNDUP(3600/G25*C25*I25,0) | L25: 12
A26: SY38 | B26: PU22 | C26: 0.7 | D26: LCC4666ZO04 | E26: BMW NA8 翼灯总成左 | F26: 24 | G26: 45 | H26: 0 | I26: 12 | J26: 2 | K26: =ROUNDUP(3600/G26*C26*I26,0) | L26: 12
A27: SY38 | B27: PU22 | C27: 0.7 | D27: LCC4690ZO04 | E27: BMW NA8 翼灯总成右 | F27: 24 | G27: 45 | H27: 0 | I27: 12 | J27: 2 | K27: =ROUNDUP(3600/G27*C27*I27,0) | L27: 12
A28: SY38 | B28: PU22 | C28: 0.7 | D28: LCC4710ZN04 | E28: BMW NA8 箱灯总成左 | F28: 24 | G28: 50 | H28: 0 | I28: 12 | J28: 2 | K28: =ROUNDUP(3600/G28*C28*I28,0) | L28: 15
A29: SY38 | B29: PU22 | C29: 0.7 | D29: LCC4725ZN04 | E29: BMW NA8 箱灯总成右 | F29: 24 | G29: 50 | H29: 0 | I29: 12 | J29: 2 | K29: =ROUNDUP(3600/G29*C29*I29,0) | L29: 15

Sheet Parameters-SFN
A1: Site | B1: Production Line | C1: Line TRP | D1: Part No. | E1: Description | F1: Mini Production QTY(MPQ) | G1: Cycle time(S) | H1: Target Stock(days) | I1: 生产提前期(days） | J1: Scrap rate(%) | K1: No. of hours/shift | L1: No. of shift/day | M1: Output per shift | N1: Head count | O1: Max stock
A2: WL | B2: 轴套6 | C2: 0.85 | D2: W000061536 | E2: G38 DS轴套分总成 | F2: 100 | G2: =VLOOKUP(D2,'WL CT '!A:C,3,0) | H2: 0 | I2: 1 | J2: 0.03 | K2: 8 | L2: 3 | M2: =3600/G2*C2*K2
A3: WL | B3: 轴套6 | C3: 0.85 | D3: W000061541 | E3: G38 PS轴套分总成 | F3: 100 | G3: =VLOOKUP(D3,'WL CT '!A:C,3,0) | H3: 0 | I3: 1 | J3: 0.03 | K3: 8 | L3: 3 | M3: =3600/G3*C3*K3
A4: WL | B4: 轴套6 | C4: 0.85 | D4: WA14222 | E4: DX11 DS 轴套分总成 | F4: 100 | G4: =VLOOKUP(D4,'WL CT '!A:C,3,0) | H4: 0 | I4: 1 | J4: 0.03 | K4: 8 | L4: 3 | M4: =3600/G4*C4*K4
A5: WL | B5: 轴套6 | C5: 0.85 | D5: WA14229 | E5: DX11 PS 轴套分总成 | F5: 100 | G5: =VLOOKUP(D5,'WL CT '!A:C,3,0) | H5: 0 | I5: 1 | J5: 0.03 | K5: 8 | L5: 3 | M5: =3600/G5*C5*K5
A6: WL | B6: 轴套6 | C6: 0.85 | D6: WAB6407 | E6: E371 A1 DS 轴套分总成 | F6: 100 | G6: =VLOOKUP(D6,'WL CT '!A:C,3,0) | H6: 0 | I6: 1 | J6: 0.03 | K6: 8 | L6: 3 | M6: =3600/G6*C6*K6
A7: WL | B7: 轴套6 | C7: 0.85 | D7: WAB6412 | E7: E371 A1 PS 轴套分总成 | F7: 100 | G7: =VLOOKUP(D7,'WL CT '!A:C,3,0) | H7: 0 | I7: 1 | J7: 0.03 | K7: 8 | L7: 3 | M7: =3600/G7*C7*K7
A8: WL | B8: 轴套6 | C8: 0.85 | D8: WC84833 | E8: 930B DS 轴套分总成 | F8: 100 | G8: =VLOOKUP(D8,'WL CT '!A:C,3,0) | H8: 0 | I8: 1 | J8: 0.03 | K8: 8 | L8: 3 | M8: =3600/G8*C8*K8
A9: WL | B9: 轴套6 | C9: 0.85 | D9: WC52036 | E9: 930B PS 轴套分总成 | F9: 100 | G9: =VLOOKUP(D9,'WL CT '!A:C,3,0) | H9: 0 | I9: 1 | J9: 0.03 | K9: 8 | L9: 3 | M9: =3600/G9*C9*K9
A10: WL | B10: 轴套6 | C10: 0.85 | D10: WC07786 | E10: CM2E DS 轴套分总成 | F10: 100 | G10: =VLOOKUP(D10,'WL CT '!A:C,3,0) | H10: 0 | I10: 1 | J10: 0.03 | K10: 8 | L10: 3 | M10: =3600/G10*C10*K10
A11: WL | B11: 轴套6 | C11: 0.85 | D11: WC08355 | E11: CM2E PS 轴套分总成 | F11: 100 | G11: =VLOOKUP(D11,'WL CT '!A:C,3,0) | H11: 0 | I11: 1 | J11: 0.03 | K11: 8 | L11: 3 | M11: =3600/G11*C11*K11
A12: WL | B12: 轴套6 | C12: 0.85 | D12: WD48699 | E12: L743 DS轴套分总成 | F12: 100 | G12: =VLOOKUP(D12,'WL CT '!A:C,3,0) | H12: 0 | I12: 1 | J12: 0.03 | K12: 8 | L12: 3 | M12: =3600/G12*C12*K12
A13: WL | B13: 轴套6 | C13: 0.85 | D13: WD48700 | E13: L743 PS轴套分总成 | F13: 100 | G13: =VLOOKUP(D13,'WL CT '!A:C,3,0) | H13: 0 | I13: 1 | J13: 0.03 | K13: 8 | L13: 3 | M13: =3600/G13*C13*K13
... A22: WL | B22: 轴套6 | C22: 0.85 | D22: WCA1927 | E22: KP31 PS 轴套分总成 | F22: 100 | G22: =VLOOKUP(D22,'WL CT '!A:C,3,0) | H22: 0 | I22: 1 | J22: 0.03 | K22: 8 | L22: 3 | M22: =3600/G22*C22*K22
A23: SY38 | B23: 1400T-6 | C23: 0.85 | D23: L755405 | E23: B9RL Fender 2K Outer Lens Left sde | F23: 100 | G23: 100 | H23: 0 | I23: 0.5 | J23: 0 | K23: 12 | L23: 2 | M23: =ROUNDUP(3600/G23*C23*K23,0) | N23: 1 | O23: 1680
A24: SY38 | B24: 1400T-6 | C24: 0.85 | D24: L782264 | E24: B9RL Fender 2K Outer Lens Right sde | F24: 100 | G24: 100 | H24: 0 | I24: 0.5 | J24: 0 | K24: 12 | L24: 2 | M24: =ROUNDUP(3600/G24*C24*K24,0) | N24: 1 | O24: 1680
A25: SY38 | B25: 1400T-6 | C25: 0.85 | D25: L755774 | E25: B9RL Trunk 2K Outer Lens | F25: 100 | G25: 90 | H25: 0 | I25: 0.5 | J25: 0 | K25: 12 | L25: 2 | M25: =ROUNDUP(3600/G25*C25*K25,0) | N25: 1 | O25: 1680
A26: SY38 | B26: 1400T-6 | C26: 0.85 | D26: LAC3180 | E26: BMW G58 箱灯透镜左 | F26: 100 | G26: 60 | H26: 0 | I26: 0.5 | J26: 0 | K26: 12 | L26: 2 | M26: =ROUNDUP(3600/G26*C26*K26,0) | N26: 1 | O26: 400
A27: SY38 | B27: 1400T-6 | C27: 0.85 | D27: LAC3181 | E27: BMW G58 箱灯透镜右 | F27: 100 | G27: 60 | H27: 0 | I27: 0.5 | J27: 0 | K27: 12 | L27: 2 | M27: =ROUNDUP(3600/G27*C27*K27,0) | N27: 1 | O27: 400

Sheet BOM List
A1: Site | B1: SAP总成料号 | C1: 品名描述 | D1: 半成品料号 | E1: 半成品品名 | F1: BOM单台用量
A2: WL | B2: W000014477SKR | C2: GMK T300前雨刮电机传动杆总成 (备件) | D2: W000042905 | E2: 40511 T300司机侧轴套分总成 | F2: 1
A3: WL | B3: W000014477SKR | C3: GMK T300前雨刮电机传动杆总成 (备件) | D3: W000042906 | E3: 40512 T300乘客侧轴套分总成 | F3: 1
A4: WL | B4: W000031992 | C4: Geely FC-1&2 前窗传动杆总成 | D4: W000031998 | E4: Geely FC-1&2 DS轴套分总成 | F4: 1
A5: WL | B5: W000031992 | C5: Geely FC-1&2 前窗传动杆总成 | D5: W000031997 | E5: Geely FC-1&2 PS轴套分总成 | F5: 1
A6: WL | B6: W000031992VA | C6: 吉利 FC-2 前雨刮电机传动杆 | D6: W000031998 | E6: Geely FC-1&2 DS轴套分总成 | F6: 1
A7: WL | B7: W000031992VA | C7: 吉利 FC-2 前雨刮电机传动杆 | D7: W000031997 | E7: Geely FC-1&2 PS轴套分总成 | F7: 1
A8: WL | B8: W000042015AM | C8: 通用爱唯欧前雨刮电机传动杆总成 (独立售后件) | D8: W000042905 | E8: 40511 T300司机侧轴套分总成 | F8: 1
A9: WL | B9: W000042015AM | C9: 通用爱唯欧前雨刮电机传动杆总成 (独立售后件) | D9: W000042906 | E9: 40512 T300乘客侧轴套分总成 | F9: 1
A10: WL | B10: W000045955 | C10: I145B T300 LHD LINKAGE 传动杆组件（KR OES) | D10: W000042906 | E10: 40512 T300乘客侧轴套分总成 | F10: 1
A11: WL | B11: W000045955 | C11: I145B T300 LHD LINKAGE 传动杆组件（KR OES) | D11: W000042905 | E11: 40511 T300司机侧轴套分总成 | F11: 1
A12: WL | B12: W000045956 | C12: I146B T300 LHD LINKAGE传动杆 | D12: W000042905 | E12: 40511 T300司机侧轴套分总成 | F12: 1
A13: WL | B13: W000045956 | C13: I146B T300 LHD LINKAGE传动杆 | D13: W000042906 | E13: 40512 T300乘客侧轴套分总成 | F13: 1
... A66: SY38 | B66: LA96445S | C66: B9RL TRUNK High OEM | D66: L755774 | E66: B9RL Trunk 2K Outer Lens | F66: 1

Sheet Customer Demand
A1: Customer Demand
A2: Site | B2: PN | C2: PN Des | D2: 46308 | E2: 46309 | F2: 46310 | G2: 46311 | H2: 46312 | I2: 46313 | J2: 46314 | K2: 46315 | L2: 46316 | M2: 46317 | N2: 46318 | O2: 46319 | P2: 46320 | Q2: 46321 | R2: 46322 | S2: 46323 | T2: 46324 | U2: 46325 | V2: 46326 | W2: 46327 | X2: 46328 | Y2: 46329 | Z2: 46330 | AA2: 46331 | AB2: 46332 | AC2: 46333 | AD2: 46334 | AE2: 46335 | AF2: 46336 | AG2: 46337 | AH2: 46338 | AI2: 46339 | AJ2: 46340 | AK2: 46341
A3: WL | B3: WA14208 | C3: DX11电机连杆总成 | D3: 0 | E3: 0 | F3: 0 | G3: 0 | H3: 0 | I3: 0 | J3: 0 | K3: 0 | L3: 0 | M3: 0 | N3: 0 | O3: 0 | P3: 0 | Q3: 0 | R3: 0 | S3: 0 | T3: 0 | U3: 0 | V3: 0 | W3: 0 | X3: 0 | Y3: 0 | Z3: 0 | AA3: 0 | AB3: 0 | AC3: 0 | AD3: 0 | AE3: 0 | AF3: 0 | AG3: 0 | AH3: 0 | AI3: 0 | AJ3: 0 | AK3: 0
A4: WL | B4: WAB6404 | C4: E371 A1 传动杆总成 | D4: 0 | E4: 0 | F4: 0 | G4: 0 | H4: 0 | I4: 0 | J4: 0 | K4: 0 | L4: 122 | M4: 0 | N4: 0 | O4: 0 | P4: 0 | Q4: 0 | R4: 0 | S4: 90 | T4: 0 | U4: 0 | V4: 0 | W4: 0 | X4: 256 | Y4: 0 | Z4: 0 | AA4: 320 | AB4: 0 | AC4: 0 | AD4: 0 | AE4: 320 | AF4: 0 | AG4: 0 | AH4: 320 | AI4: 0 | AJ4: 0 | AK4: 0
A5: WL | B5: WB35356 | C5: 930B传动杆总成 | D5: 0 | E5: 0 | F5: 1500 | G5: 0 | H5: 0 | I5: 0 | J5: 0 | K5: 6720 | L5: 0 | M5: 0 | N5: 0 | O5: 0 | P5: 0 | Q5: 0 | R5: 0 | S5: 0 | T5: 0 | U5: 0 | V5: 0 | W5: 0 | X5: 0 | Y5: 3360 | Z5: 0 | AA5: 0 | AB5: 0 | AC5: 0 | AD5: 0 | AE5: 0 | AF5: 3360 | AG5: 0 | AH5: 0 | AI5: 0 | AJ5: 0 | AK5: 0
A6: WL | B6: WB80510 | C6: CX11 LHD传动杆总成（新） | D6: 0 | E6: 144 | F6: 0 | G6: 144 | H6: 0 | I6: 0 | J6: 144 | K6: 0 | L6: 0 | M6: 0 | N6: 0 | O6: 0 | P6: 0 | Q6: 288 | R6: 0 | S6: 0 | T6: 288 | U6: 0 | V6: 144 | W6: 0 | X6: 0 | Y6: 216 | Z6: 0 | AA6: 0 | AB6: 216 | AC6: 0 | AD6: 0 | AE6: 288 | AF6: 0 | AG6: 0 | AH6: 0 | AI6: 0 | AJ6: 0 | AK6: 0
A7: WL | B7: WC07674 | C7: CM2E 电机及连杆机构 | D7: 0 | E7: 0 | F7: 0 | G7: 0 | H7: 0 | I7: 0 | J7: 0 | K7: 0 | L7: 0 | M7: 0 | N7: 0 | O7: 0 | P7: 0 | Q7: 0 | R7: 0 | S7: 0 | T7: 0 | U7: 0 | V7: 0 | W7: 0 | X7: 0 | Y7: 0 | Z7: 0 | AA7: 0 | AB7: 0 | AC7: 0 | AD7: 0 | AE7: 0 | AF7: 0 | AG7: 0 | AH7: 0 | AI7: 0 | AJ7: 0 | AK7: 0
A8: WL | B8: WD48696 | C8: L743 传动杆总成 | D8: 0 | E8: 0 | F8: 0 | G8: 0 | H8: 0 | I8: 0 | J8: 180 | K8: 0 | L8: 0 | M8: 360 | N8: 360 | O8: 360 | P8: 0 | Q8: 252 | R8: 0 | S8: 0 | T8: 0 | U8: 0 | V8: 252 | W8: 0 | X8: 0 | Y8: 252 | Z8: 0 | AA8: 0 | AB8: 288 | AC8: 0 | AD8: 0 | AE8: 288 | AF8: 0 | AG8: 0 | AH8: 288 | AI8: 0 | AJ8: 0 | AK8: 0
A9: WL | B9: WD59238 | C9: E371传动杆总成 | D9: 0 | E9: 0 | F9: 0 | G9: 0 | H9: 0 | I9: 0 | J9: 192 | K9: 0 | L9: 0 | M9: 0 | N9: 0 | O9: 0 | P9: 0 | Q9: 0 | R9: 0 | S9: 480 | T9: 0 | U9: 0 | V9: 0 | W9: 0 | X9: 416 | Y9: 0 | Z9: 0 | AA9: 320 | AB9: 0 | AC9: 0 | AD9: 0 | AE9: 416 | AF9: 0 | AG9: 0 | AH9: 416 | AI9: 0 | AJ9: 0 | AK9: 0
A10: WL | B10: W144813S | C10: Geely DCY11前雨刮电机传动杆总成 (备件) | D10: 0 | E10: 0 | F10: 0 | G10: 0 | H10: 0 | I10: 0 | J10: 0 | K10: 0 | L10: 0 | M10: 0 | N10: 0 | O10: 0 | P10: 0 | Q10: 0 | R10: 0 | S10: 0 | T10: 0 | U10: 0 | V10: 0 | W10: 0 | X10: 0 | Y10: 0 | Z10: 0 | AA10: 0 | AB10: 0 | AC10: 0 | AD10: 0 | AE10: 0 | AF10: 0 | AG10: 0 | AH10: 0 | AI10: 0 | AJ10: 0 | AK10: 0
A11: WL | B11: W000076959VA | C11: 领克 01&03 前雨刮电机传动杆 | D11: 0 | E11: 0 | F11: 0 | G11: 0 | H11: 0 | I11: 0 | J11: 0 | K11: 0 | L11: 0 | M11: 0 | N11: 0 | O11: 0 | P11: 0 | Q11: 0 | R11: 0 | S11: 0 | T11: 0 | U11: 0 | V11: 0 | W11: 0 | X11: 0 | Y11: 0 | Z11: 0 | AA11: 0 | AB11: 0 | AC11: 0 | AD11: 0 | AE11: 0 | AF11: 0 | AG11: 0 | AH11: 0 | AI11: 0 | AJ11: 0 | AK11: 0
A12: WL | B12: W243255S | C12: 宝马欧洲G38前雨刮电机传动杆成品 (备件) | D12: 0 | E12: 0 | F12: 0 | G12: 0 | H12: 0 | I12: 0 | J12: 0 | K12: 0 | L12: 0 | M12: 0 | N12: 0 | O12: 0 | P12: 0 | Q12: 0 | R12: 0 | S12: 0 | T12: 0 | U12: 0 | V12: 0 | W12: 0 | X12: 0 | Y12: 0 | Z12: 0 | AA12: 0 | AB12: 0 | AC12: 0 | AD12: 0 | AE12: 0 | AF12: 0 | AG12: 0 | AH12: 0 | AI12: 0 | AJ12: 0 | AK12: 0
A13: WL | B13: WA14208S | C13: 吉利DX11左驾前雨刮电机传动杆 (备件) | D13: 0 | E13: 0 | F13: 0 | G13: 0 | H13: 0 | I13: 0 | J13: 0 | K13: 0 | L13: 0 | M13: 0 | N13: 0 | O13: 0 | P13: 0 | Q13: 0 | R13: 0 | S13: 0 | T13: 0 | U13: 0 | V13: 0 | W13: 0 | X13: 0 | Y13: 0 | Z13: 0 | AA13: 0 | AB13: 0 | AC13: 0 | AD13: 0 | AE13: 0 | AF13: 0 | AG13: 0 | AH13: 0 | AI13: 0 | AJ13: 0 | AK13: 0
... A19: WL | B19: WCA1894 | C19: Chery KP31 LHD 传动杆 | D19: 0 | E19: 0 | F19: 0 | G19: 0 | H19: 180 | I19: 0 | J19: 0 | K19: 0 | L19: 0 | M19: 0 | N19: 0 | O19: 0 | P19: 0 | Q19: 0 | R19: 0 | S19: 0 | T19: 0 | U19: 0 | V19: 0 | W19: 0 | X19: 0 | Y19: 0 | Z19: 0 | AA19: 0 | AB19: 0 | AC19: 0 | AD19: 0 | AE19: 0 | AF19: 0 | AG19: 0 | AH19: 0 | AI19: 0 | AJ19: 0 | AK19: 240
A20: SY38 | B20: L755390S | C20: B9 Low Fender L | D20: 0 | E20: 0 | F20: 0 | G20: 140 | H20: 490 | I20: 0 | J20: 420 | K20: 0 | L20: 0 | M20: 210
A21: SY38 | B21: L755392S | C21: B9 Low Fender R | D21: 0 | E21: 0 | F21: 0 | G21: 140 | H21: 490 | I21: 0 | J21: 420 | K21: 0 | L21: 0 | M21: 210
A22: SY38 | B22: LA96403S | C22: B9RL Fender lamp Left side OEM | D22: 0 | E22: 0 | F22: 0 | G22: 0 | H22: 0 | I22: 0 | J22: 0 | K22: 0 | L22: 0 | M22: 0
A23: SY38 | B23: LA96404S | C23: B9RL Fender lamp Right side OEM | D23: 0 | E23: 0 | F23: 0 | G23: 0 | H23: 0 | I23: 0 | J23: 0 | K23: 0 | L23: 0 | M23: 0
A24: SY38 | B24: LA83453S | C24: B9 Low Trunk | D24: 0 | E24: 0 | F24: 0 | G24: 0 | H24: 0 | I24: 0 | J24: 0 | K24: 0 | L24: 0 | M24: 0
A25: SY38 | B25: L755548S | C25: B9 High Trunk | D25: 0 | E25: 0 | F25: 0 | G25: 120 | H25: 504 | I25: 0 | J25: 384 | K25: 0 | L25: 0 | M25: 240
A26: SY38 | B26: LA96445S | C26: B9RL TRUNK High OEM | D26: 0 | E26: 0 | F26: 0 | G26: 0 | H26: 0 | I26: 0 | J26: 0 | K26: 0 | L26: 0 | M26: 0
A27: SY38 | B27: LCC4666ZO04 | C27: BMW NA8 翼灯总成左 | D27: 0 | E27: 0 | F27: 0 | G27: 0 | H27: 0 | I27: 0 | J27: 0 | K27: 0 | L27: 0 | M27: 150
A28: SY38 | B28: LCC4690ZO04 | C28: BMW NA8 翼灯总成右 | D28: 0 | E28: 0 | F28: 0 | G28: 0 | H28: 0 | I28: 0 | J28: 0 | K28: 0 | L28: 0 | M28: 150
A29: SY38 | B29: LCC4710ZN04 | C29: BMW NA8 箱灯总成左 | D29: 0 | E29: 0 | F29: 0 | G29: 0 | H29: 0 | I29: 0 | J29: 0 | K29: 0 | L29: 0 | M29: 150
A30: SY38 | B30: LCC4725ZN04 | C30: BMW NA8 箱灯总成右 | D30: 0 | E30: 0 | F30: 0 | G30: 0 | H30: 0 | I30: 0 | J30: 0 | K30: 0 | L30: 0 | M30: 150

Sheet Initial Stock
A1: Site | B1: Material Type | C1: PN | D1: PN Des | E1: Initial Stock(10/13)
A2: WL | B2: FING | C2: WA14208 | D2: DX11电机连杆总成 | E2: 0
A3: WL | B3: FING | C3: WAB6404 | D3: E371 A1 传动杆总成 | E3: 838
A4: WL | B4: FING | C4: WB35356 | D4: 930B传动杆总成 | E4: 1860
A5: WL | B5: FING | C5: WB80510 | D5: CX11 LHD传动杆总成（新） | E5: 528
A6: WL | B6: FING | C6: WC07674 | D6: CM2E 电机及连杆机构 | E6: 360
A7: WL | B7: FING | C7: WD48696 | D7: L743 传动杆总成 | E7: 1152
A8: WL | B8: FING | C8: WD59238 | D8: E371传动杆总成 | E8: 1024
A9: WL | B9: FING | C9: W144813S | D9: Geely DCY11前雨刮电机传动杆总成 (备件) | E9: 0
A10: WL | B10: FING | C10: W000076959VA | D10: 领克 01&03 前雨刮电机传动杆 | E10: 0
A11: WL | B11: FING | C11: W243255S | D11: 宝马欧洲G38前雨刮电机传动杆成品 (备件) | E11: 0
A12: WL | B12: FING | C12: WA14208S | D12: 吉利DX11左驾前雨刮电机传动杆 (备件) | E12: 0
A13: WL | B13: FING | C13: WD48696S | D13: 领克L743左驾前雨刮电机传动杆总成 (备件) | E13: 0
... A52: WL | B52: SFIN | C52: WD59260 | D52: E371 PS Pivot Assy | E52: 97

Sheet WL CT 
A1: Material | B1: Material Number | C1: Machine Time
A2: 181709 | B2: MAN Truck L37 VWS Main bow Sub Assy | C2: 8
A3: 53006756 | B3: SGM 258MCE Gear Wheel Assy | C3: 6.5
A4: 53006896 | B4: FIAT 343 Gear Wheel Assy | C4: 9
A5: 53027004 | B5: MMYY ERAR COVER | C5: 25
A6: 53042296 | B6: FIAT 343 Cover Plate Assy | C6: 18
A7: 53051356 | B7: AMPLIFIER ASSY CHB071 | C7: 18.3
A8: 53052166 | B8: P42K amplifier assy | C8: 18.3
A9: 53270686 | B9: K211 Armature Assy | C9: 16
A10: 53343106 | B10: Brush Plate non electronic Assy 2L 1C(0. | C10: 28
A11: 53370436 | B11: VWS Brush Box Assy | C11: 14
A12: 53569404 | B12: P32L FRONT MNG2 AC MOTOR | C12: 19
A13: 54028436 | B13: P32L RHD PS lever assy | C13: 9
... A18: 54528511 | B18: P32M RHD MOTOR LINKAGE | C18: 34
A19: 14900108S | B19: JD21M NUT | C19: 0
A20: 150475P | B20: Tiguan RAB assy after package | C20: 18
A21: 178645PJ | B21: SUV LHD DS/PS adaptor for Juarez | C21: 1
A22: 180975WL | B22: Bend sub assembly(DPCA | C22: 10
A23: 24029689S | B23: OES SGM T300 Front Arm Nut Cap FG | C23: 1
A24: 24030957PJ | B24: SUV Nut cap for Juarez | C24: 1
A25: 53006756P | B25: SGM 258MCE Gear Wheel Assy packaging | C25: 1
A26: 53006896P | B26: FIAT 343 Gear Wheel Assy packaging | C26: 1
A27: 53010246L | B27: Gearwheel MNG2 ASSY | C27: 14
A28: 53010246LP | B28: 4NB Gearwheel MNG2 ASSY packaging | C28: 1
A29: 53569404M | B29: P32L FRONT MNG2 AC MOTOR | C29: 0
A30: 53860267P | B30: Renault HZH Seal B | C30: 2.5
... A2340: W000042881P | B2340: X11C MOTOR ARMATURE ASSY Packaged | C2340: 0

Sheet Tooling-Mold
A1: Site | B1: Mold ID | C1: Mold Name | D1: Applicable Lines | E1: Applicable Part Numbers | F1: Available Qty | G1: Changeover Time (min) | H1: Max Life Strokes | I1: Current Strokes | J1: Maintenance Cycle (Strokes) | K1: Status
A2: WL | B2: MOLD_WL_AXLE_01 | C2: G38系列轴套冷挤压冲压成型模 | D2: 轴套6, 轴套7 | E2: W000061536, W000061541 | F2: 1 | G2: 45 | H2: 500000 | I2: 142500 | J2: 50000 | K2: 可用 (Available)
A3: WL | B3: MOLD_WL_AXLE_02 | C3: DX11系列精密多工位轴套挤压模 | D3: 轴套6, 轴套7 | E3: WA14222, WA14229 | F3: 1 | G3: 50 | H3: 500000 | I3: 218000 | J3: 50000 | K3: 可用 (Available)
A4: WL | B4: MOLD_WL_AXLE_03 | C4: E371 A1系列高精度轴套拉延模 | D4: 轴套6, 轴套7 | E4: WAB6407, WAB6412 | F4: 1 | G4: 45 | H4: 450000 | I4: 89000 | J4: 40000 | K4: 可用 (Available)
A5: WL | B5: MOLD_WL_AXLE_04 | C5: 930B系列高强度耐磨轴套冷冲模 | D5: 轴套6, 轴套7 | E5: WC84833, WC52036 | F5: 1 | G5: 60 | H5: 500000 | I5: 334000 | J5: 50000 | K5: 可用 (Available)
A6: WL | B6: MOLD_WL_LINK_01 | C6: PGLINKAGE 传动杆多工位总装定位夹具 | D6: PGLINKAGE | E6: WA14208, WAB6404, WB35356, WB80510 | F6: 1 | G6: 30 | H6: 1000000 | I6: 420000 | J6: 100000 | K6: 可用 (Available)
A7: WL | B7: MOLD_WL_LINK_02 | C7: PGLINKAGE 柔性压装与超声铆接模组 | D7: PGLINKAGE | E7: WD48696, WD59238, WBC9317, W000014477SKR | F7: 1 | G7: 35 | H7: 800000 | I7: 156000 | J7: 80000 | K7: 可用 (Available)
A8: SY38 | B8: MOLD_SY_1400T_01 | C8: 1400T 注塑机双腔大型精密模具 | D8: 1400T-6, 1400T-7 | E8: SY_INJ_001, SY_INJ_002 | F8: 1 | G8: 120 | H8: 300000 | I8: 78000 | J8: 30000 | K8: 可用 (Available)
A9: SY38 | B9: MOLD_SY_PAINT_01 | C9: PU07/PU22 静电旋杯自动喷涂挂具 | D9: PU07, PU22 | E9: SY_PAINT_F01, SY_PAINT_R01 | F9: 2 | G9: 40 | H9: 200000 | I9: 45000 | J9: 20000 | K9: 可用 (Available)

Sheet Preventive-Maintenance
A1: Site | B1: PM Plan No | C1: Production Line | D1: Equipment Name | E1: PM Type | F1: Start Date | G1: Start Shift | H1: End Date | I1: End Shift | J1: Downtime Hours | K1: Capacity Rate (%) | L1: Handling Strategy | M1: Responsible Team | N1: Status
A2: WL | B2: PM-WL-202610-01 | C2: PGLINKAGE | D2: PGLINKAGE 雨刮传动杆总装线 | E2: Level-2 周度气电与伺服定检 | F2: 2026-10-15 | G2: 晚班 | H2: 2026-10-15 | I2: 晚班 | J2: 8 | K2: 0 | L2: 避让顺延 (Shift_Delay) | M2: 机修自动化一组 | N2: 已排定 (Planned)
A3: WL | B3: PM-WL-202610-02 | C3: 轴套6 | D3: 轴套6 高速精密冷冲床 | E3: Level-1 导柱润滑与气路定检 | F3: 2026-10-18 | G3: 晚班 | H3: 2026-10-18 | I3: 晚班 | J3: 8 | K3: 0 | L3: 跨班切分 (Batch_Split) | M3: 冲压维修二班 | N3: 已排定 (Planned)
A4: WL | B4: PM-WL-202610-03 | C4: 轴套7 | D4: 轴套7 备用冷冲压机床 | E4: Level-3 季度几何精度大修标定 | F4: 2026-10-13 | G4: 早班 | H4: 2026-10-14 | I4: 晚班 | J4: 48 | K4: 0 | L4: 暂停挂起 (Suspend) | M4: 设备厂家常驻维保组 | N4: 执行中 (In Progress)
A5: SY38 | B5: PM-SY-202610-01 | C5: 1400T-6 | D5: 1400T 注塑机 6号机 | E5: Level-2 液压阀组与温控保养 | F5: 2026-10-16 | G5: 早班 | H5: 2026-10-16 | I5: 早班 | J5: 8 | K5: 0 | L5: 避让顺延 (Shift_Delay) | M5: 注塑保全班 | N5: 已排定 (Planned)
A6: SY38 | B6: PM-SY-202610-02 | C6: PU07 | D6: PU07 自动化涂装线 | E6: Level-1 喷房水帘与废气过滤换芯 | F6: 2026-10-17 | G6: 晚班 | H6: 2026-10-17 | I6: 晚班 | J6: 8 | K6: 0 | L6: 避让顺延 (Shift_Delay) | M6: 涂装环保工务段 | N6: 已排定 (Planned)

Sheet Material-Arrival-ETA
A1: Site | B1: PO Number | C1: Supplier | D1: Part No. | E1: Description | F1: ETA Date | G1: ETA Shift | H1: Quantity | I1: QC Release Hours | J1: Associated Part | K1: Status
A2: WL | B2: PO-202610-WL-0881 | C2: 博世微电子(苏州) | D2: WA14208-CHIP | E2: 雨刮主控微型驱动芯片 | F2: 2026-10-13 | G2: 早班 | H2: 5000 | I2: 2 | J2: WA14208 | K2: 质检合格 (Released)
A3: WL | B3: PO-202610-WL-0882 | C3: 宝武特钢管业 | D3: W000061536-RAW | E3: 20#精密冷拔无缝钢管φ16 | F3: 2026-10-12 | G3: 早班 | H3: 8000 | I3: 1 | J3: W000061536 | K3: 已入库 (Stocked)
A4: WL | B4: PO-202610-WL-0883 | C4: 宁波敏实汽车零部件 | D4: WAB6404-PIN | E4: E371传动杆高强耐磨球铰轴 | F4: 2026-10-14 | G4: 中班 | H4: 6500 | I4: 2 | J4: WAB6404 | K4: 在途运输 (In Transit)
A5: WL | B5: PO-202610-WL-0884 | C5: 江苏新联精密铜套 | D5: WB35356-SUB | E5: 930B低摩擦含油双金属衬套 | F5: 2026-10-13 | G5: 中班 | H5: 9200 | I5: 1.5 | J5: WB35356 | K5: 质检合格 (Released)
A6: WL | B6: PO-202610-WL-0885 | C6: 芜湖宏达橡胶密封 | D6: WB80510-SEAL | E6: CX11防水防尘硅胶密封圈 | F6: 2026-10-14 | G6: 早班 | H6: 12000 | I6: 1 | J6: WB80510 | K6: 在途运输 (In Transit)
A7: WL | B7: PO-202610-WL-0886 | C7: 上海森信电子传感 | D7: WD48696-SENSOR | E7: L743电子霍尔位置传感器 | F7: 2026-10-15 | G7: 早班 | H7: 4500 | I7: 2.5 | J7: WD48696 | K7: 在途运输 (In Transit)
A8: WL | B8: PO-202610-WL-0887 | C8: 昆山科森精密五金 | D8: WBC9317-BRKT | E8: LEAP电机固定加固冲压支架 | F8: 2026-10-14 | G8: 晚班 | H8: 7000 | I8: 1 | J8: WBC9317 | K8: 在途运输 (In Transit)

Sheet Customer-Priority
A1: Site | B1: Customer Code | C1: Customer Name | D1: Strategic Tier | E1: Priority Weight | F1: OTD Target Rate (%) | G1: Delivery Window (Days) | H1: Subcontract Allowed | I1: Associated Products
A2: WL | B2: CUST-GEELY | C2: 浙江吉利控股集团制造总装 | D2: STRATEGIC (战略级) | E2: 10 | F2: 100 | G2: 0天严格保供 | H2: 严禁外协 (No) | I2: WA14208, WAB6404, W144813S
A3: WL | B3: CUST-SGM | C3: 上汽通用汽车有限公司 | D3: TIER_A (核心A级) | E3: 3 | F3: 98 | G3: ±1天窗口协商 | H3: 协商外协 (Negotiable) | I3: WB35356, WB80510
A4: WL | B4: CUST-BYD | C4: 比亚迪乘用车弗迪动力 | D4: STRATEGIC (战略级) | E4: 10 | F4: 100 | G4: 0天严格保供 | H4: 严禁外协 (No) | I4: WBC9317, WBC9324
A5: WL | B5: CUST-CHERY | C5: 奇瑞汽车新能源总装基地 | D5: TIER_A (核心A级) | E5: 3 | F5: 98 | G5: ±1天窗口协商 | H5: 协商外协 (Negotiable) | I5: WD48696, WD59238
A6: WL | B6: CUST-AFTERMARKET | C6: 华东后市场备件流通中心 | D6: TIER_B (灵活B级) | E6: 1 | F6: 95 | G6: +3天或顺延次月 | H6: 允许外协 (Yes) | I6: W000014477SKR, W000014478SKR

Sheet Production plan-Done
C1: 规格信息 | J1: 46307 | N1: 46308 | R1: 46309 | V1: 46310 | Z1: 46311 | AD1: 46312 | AH1: 46313 | AL1: 46314 | AP1: 46315 | AT1: 46316 | AX1: 46317 | BB1: 46318 | BF1: 46319 | BJ1: 46320
A2: 资源代码 | B2: 品目描述 | C2: 成品料号 | D2: 制造时间 | E2: CT | F2: TRP | G2: 制造开始时间 | H2: 备注 | I2: 合计 | J2: 早班 | K2: 中班 | L2: 晚班 | M2: 试产 | N2: 早班 | O2: 中班 | P2: 晚班 | Q2: 试产 | R2: 早班 | S2: 中班 | T2: 晚班 | U2: 试产 | V2: 早班 | W2: 中班 | X2: 晚班 | Y2: 试产 | Z2: 早班 | AA2: 中班 | AB2: 晚班 | AC2: 试产 | AD2: 早班 | AE2: 中班 | AF2: 晚班 | AG2: 试产 | AH2: 早班 | AI2: 中班 | AJ2: 晚班 | AK2: 试产 | AL2: 早班 | AM2: 中班 | AN2: 晚班 | AO2: 试产 | AP2: 早班 | AQ2: 中班 | AR2: 晚班 | AS2: 试产 | AT2: 早班 | AU2: 中班 | AV2: 晚班 | AW2: 试产 | AX2: 早班 | AY2: 中班 | AZ2: 晚班 | BA2: 试产 | BB2: 早班 | BC2: 中班 | BD2: 晚班 | BE2: 试产 | BF2: 早班 | BG2: 中班 | BH2: 晚班 | BI2: 试产 | BJ2: 早班 | BK2: 中班 | BL2: 晚班 | BM2: 试产
A3: 轴套6 | B3: LEAP CU1207&CU1307 PS 轴套分总成 | C3: WBC9324 | D3: 0.9H | E3: 27 | F3: 0.85 | G3: 46307.292 | H3: ORD_WL_WBC9317C_1013 | I3: 100 | J3: 100
A4: 轴套6 | B4: LEAP CU1207&CU1307 DS 轴套分总成 | C4: WBC9318 | D4: 3.8H | E4: 27 | F4: 0.85 | G4: 46307.328 | H4: ORD_WL_WBC9317C_1022 | I4: 432 | J4: 432
A5: 轴套6 | B5: KP31 PS 轴套分总成 | C5: WCA1927 | D5: 4.8H | E5: 27 | F5: 0.85 | G5: 46307.487 | H5: ORD_WL_WCB8574_1017 | I5: 546 | J5: 374 | K5: 172
A6: 轴套6 | B6: LEAP CU1207&CU1307 DS 轴套分总成 | C6: WBC9318 | D6: 4.4H | E6: 27 | F6: 0.85 | G6: 46307.688 | H6: ORD_WL_WBC9317C_1013 | I6: 494 | K6: 494
A7: 轴套6 | B7: LEAP CU1207&CU1307 DS 轴套分总成 | C7: WBC9318 | D7: 10.6H | E7: 27 | F7: 0.85 | G7: 46307.87 | H7: ORD_WL_WBC9317_1020 | I7: 1200 | K7: 100 | L7: 100 | N7: 100 | O7: 795 | P7: 105
A8: 轴套6 | B8: KP31 DS 轴套分总成 | C8: WCA1903 | D8: 4.8H | E8: 27 | F8: 0.85 | G8: 46307.907 | H8: ORD_WL_WCB8574_1017 | I8: 547 | K8: 140 | L8: 407
A9: 轴套6 | B9: LEAP CU1207&CU1307 PS 轴套分总成 | C9: WBC9324 | D9: 10.6H | E9: 27 | F9: 0.85 | G9: 46308.145 | H9: ORD_WL_WBC9317_1020 | I9: 1200 | L9: 394 | N9: 806
A10: 轴套6 | B10: LEAP CU1207&CU1307 PS 轴套分总成 | C10: WBC9324 | D10: 8.7H | E10: 27 | F10: 0.85 | G10: 46308.917 | H10: ORD_WL_WBC9317C_1019 | I10: 990 | O10: 110 | P10: 590 | R10: 290
A11: 轴套6 | B11: 930B DS 轴套分总成 | C11: WC84833 | D11: 58.5H | E11: 29 | F11: 0.85 | G11: 46309.214 | H11: ORD_WL_WB35356_1020 | I11: 6174 | P11: 197 | R11: 100 | S11: 200 | T11: 100 | V11: 328 | W11: 321 | X11: 342 | Z11: 100 | AA11: 346 | AB11: 420 | AD11: 482 | AE11: 462 | AF11: 422 | AH11: 254 | AI11: 588 | AJ11: 421 | AL11: 421 | AM11: 423 | AN11: 247
A12: 轴套6 | B12: LEAP CU1207&CU1307 DS 轴套分总成 | C12: WBC9318 | D12: 10.6H | E12: 27 | F12: 0.85 | G12: 46309.438 | H12: ORD_WL_WBC9317_1022 | I12: 1200 | R12: 509 | S12: 691
A13: 轴套6 | B13: 930B PS 轴套分总成 | C13: WC52036 | D13: 58.6H | E13: 29 | F13: 0.85 | G13: 46309.998 | H13: ORD_WL_WB35356_1020 | I13: 6184 | T13: 341 | V13: 516 | W13: 430 | X13: 200 | Z13: 200 | AA13: 481 | AB13: 382 | AD13: 362 | AE13: 382 | AF13: 422 | AH13: 590 | AI13: 256 | AJ13: 423 | AL13: 423 | AM13: 421 | AN13: 355
A14: 轴套6 | B14: LEAP CU1207&CU1307 PS 轴套分总成 | C14: WBC9324 | D14: 3.8H | E14: 27 | F14: 0.85 | G14: 46310.132 | H14: ORD_WL_WBC9317C_1022 | I14: 432 | T14: 432
A15: 轴套6 | B15: LEAP CU1207&CU1307 DS 轴套分总成 | C15: WBC9318 | D15: 8.9H | E15: 27 | F15: 0.85 | G15: 46310.922 | H15: ORD_WL_WBC9317C_1019 | I15: 1008 | W15: 100 | X15: 324 | Z15: 584
A16: 轴套6 | B16: LEAP CU1207&CU1307 PS 轴套分总成 | C16: WBC9324 | D16: 7.6H | E16: 27 | F16: 0.85 | G16: 46315.196 | H16: ORD_WL_WBC9317C_1021 | I16: 864 | AN16: 260 | AP16: 330 | AQ16: 274
A17: 轴套6 | B17: LEAP CU1207&CU1307 DS 轴套分总成 | C17: WBC9318 | D17: 7.6H | E17: 27 | F17: 0.85 | G17: 46315.413 | H17: ORD_WL_WBC9317C_1021 | I17: 864 | AP17: 432 | AQ17: 432
A18: 轴套6 | B18: LEAP CU1207&CU1307 PS 轴套分总成 | C18: WBC9324 | D18: 10.6H | E18: 27 | F18: 0.85 | G18: 46315.572 | H18: ORD_WL_WBC9317_1022 | I18: 1200 | AP18: 144 | AQ18: 200 | AR18: 856
A19: 轴套6 | B19: 产量汇总 | I19: 23435 | J19: 906 | K19: 906 | L19: 901 | N19: 906 | O19: 905 | P19: 892 | R19: 899 | S19: 891 | T19: 873 | V19: 844 | W19: 851 | X19: 866 | Z19: 884 | AA19: 827 | AB19: 802 | AD19: 844 | AE19: 844 | AF19: 844 | AH19: 844 | AI19: 844 | AJ19: 844 | AL19: 844 | AM19: 844 | AN19: 862 | AP19: 906 | AQ19: 906 | AR19: 856
A20: 轴套6 | B20: 制造工时汇总(h) | D20: 214.9H | I20: 214.86 | J20: 7.99 | K20: 7.99 | L20: 7.95 | N20: 7.99 | O20: 7.99 | P20: 8 | R20: 8 | S20: 7.99 | T20: 7.99 | V20: 8 | W20: 8 | X20: 8 | Z20: 8 | AA20: 7.84 | AB20: 7.6 | AD20: 8 | AE20: 8 | AF20: 8 | AH20: 8 | AI20: 8 | AJ20: 8 | AL20: 8 | AM20: 8 | AN20: 8 | AP20: 7.99 | AQ20: 7.99 | AR20: 7.55
A21: 轴套6 | B21: 班次利用率(%) | I21: 99.5 | J21: 99.9 | K21: 99.9 | L21: 99.4 | N21: 99.9 | O21: 99.8 | P21: 100 | R21: 100 | S21: 99.9 | T21: 99.9 | V21: 100 | W21: 100 | X21: 99.9 | Z21: 100 | AA21: 98 | AB21: 95 | AD21: 100 | AE21: 100 | AF21: 100 | AH21: 100 | AI21: 100 | AJ21: 100 | AL21: 100 | AM21: 100 | AN21: 100 | AP21: 99.9 | AQ21: 99.9 | AR21: 94.4
A22: PGLINKAGE | B22: LEAP CU1207&1307 传动杆总成-三厂 | C22: WBC9317C | D22: 12.6H | E22: 32 | F22: 0.71 | G22: 46307.625 | H22: ORD_WL_WBC9317C_1013 | I22: 1008 | K22: 360 | L22: 360 | N22: 288
A23: PGLINKAGE | B23: Chery KP31 LHD 传动杆 | C23: WCA1894 | D23: 2.2H | E23: 46 | F23: 0.71 | G23: 46307.813 | H23: ORD_WL_WCA1894_1017 | I23: 120 | K23: 120
A24: PGLINKAGE | B24: Chery KP31 RHD 传动杆 | C24: WCB8574 | D24: 11.9H | E24: 46 | F24: 0.71 | G24: 46307.903 | H24: ORD_WL_WCB8574_1017 | I24: 660 | K24: 60 | L24: 180 | N24: 180 | O24: 240
A25: PGLINKAGE | B25: LEAP CU1207&1307 传动杆总成 | C25: WBC9317 | D25: 21.6H | E25: 46 | F25: 0.71 | G25: 46308.577 | H25: ORD_WL_WBC9317_1020 | I25: 1200 | N25: 48 | O25: 192 | S25: 384 | T25: 384 | V25: 144 | W25: 48
A26: PGLINKAGE | B26: 930B传动杆总成 | C26: WB35356 | D26: 107.0H | E26: 43 | F26: 0.71 | G26: 46309.913 | H26: ORD_WL_WB35356_1020 | I26: 6360 | S26: 60 | T26: 60 | V26: 300 | W26: 420 | X26: 420 | Z26: 300 | AA26: 300 | AB26: 360 | AD26: 420 | AE26: 420 | AF26: 360 | AH26: 420 | AI26: 420 | AJ26: 420 | AL26: 420 | AM26: 420 | AN26: 420 | AP26: 420
A27: PGLINKAGE | B27: LEAP CU1207&1307 传动杆总成-三厂 | C27: WBC9317C | D27: 12.6H | E27: 32 | F27: 0.71 | G27: 46311.253 | H27: ORD_WL_WBC9317C_1019 | I27: 1008 | X27: 72 | Z27: 216 | AA27: 216 | AB27: 144 | AD27: 72 | AE27: 72 | AF27: 144 | AH27: 72
A28: PGLINKAGE | B28: LEAP CU1207&1307 传动杆总成-三厂 | C28: WBC9317C | D28: 5.4H | E28: 32 | F28: 0.71 | G28: 46313.919 | H28: ORD_WL_WBC9317C_1022 | I28: 432 | AI28: 72 | AJ28: 72 | AL28: 72 | AM28: 72 | AN28: 72 | AP28: 72
A29: PGLINKAGE | B29: LEAP CU1207&1307 传动杆总成-三厂 | C29: WBC9317C | D29: 10.8H | E29: 32 | F29: 0.71 | G29: 46315.625 | H29: ORD_WL_WBC9317C_1021 | I29: 864 | AQ29: 432 | AR29: 432
A30: PGLINKAGE | B30: LEAP CU1207&1307 传动杆总成 | C30: WBC9317 | D30: 21.6H | E30: 46 | F30: 0.71 | G30: 46315.85 | H30: ORD_WL_WBC9317_1022 | I30: 1200 | AQ30: 144 | AR30: 144 | AT30: 432 | AU30: 432 | AV30: 48
A31: PGLINKAGE | B31: 产量汇总 | I31: 12852 | K31: 540 | L31: 540 | N31: 516 | O31: 432 | S31: 444 | T31: 444 | V31: 444 | W31: 468 | X31: 492 | Z31: 516 | AA31: 516 | AB31: 504 | AD31: 492 | AE31: 492 | AF31: 504 | AH31: 492 | AI31: 492 | AJ31: 492 | AL31: 492 | AM31: 492 | AN31: 492 | AP31: 492 | AQ31: 576 | AR31: 576 | AT31: 432 | AU31: 432 | AV31: 48
A32: PGLINKAGE | B32: 制造工时汇总(h) | D32: 205.7H | I32: 205.69 | K32: 7.75 | L32: 7.75 | N32: 7.71 | O32: 7.77 | S32: 7.92 | T32: 7.92 | V32: 7.64 | W32: 7.93 | X32: 7.97 | Z32: 7.75 | AA32: 7.75 | AB32: 7.86 | AD32: 7.97 | AE32: 7.97 | AF32: 7.86 | AH32: 7.97 | AI32: 7.97 | AJ32: 7.97 | AL32: 7.97 | AM32: 7.97 | AN32: 7.97 | AP32: 7.97 | AQ32: 8 | AR32: 8 | AT32: 7.77 | AU32: 7.77 | AV32: 0.86
A33: PGLINKAGE | B33: 班次利用率(%) | I33: 95.2 | K33: 96.8 | L33: 96.8 | N33: 96.4 | O33: 97.2 | S33: 99 | T33: 99 | V33: 95.5 | W33: 99.1 | X33: 99.6 | Z33: 96.9 | AA33: 96.9 | AB33: 98.2 | AD33: 99.6 | AE33: 99.6 | AF33: 98.2 | AH33: 99.6 | AI33: 99.6 | AJ33: 99.6 | AL33: 99.6 | AM33: 99.6 | AN33: 99.6 | AP33: 99.6 | AQ33: 100 | AR33: 100 | AT33: 97.2 | AU33: 97.2 | AV33: 10.8
A34: 全厂 | B34: 总计(数量) | D34: 420.5H | I34: 36287 | J34: 906 | K34: 1446 | L34: 1441 | N34: 1422 | O34: 1337 | P34: 892 | R34: 899 | S34: 1335 | T34: 1317 | V34: 1288 | W34: 1319 | X34: 1358 | Z34: 1400 | AA34: 1343 | AB34: 1306 | AD34: 1336 | AE34: 1336 | AF34: 1348 | AH34: 1336 | AI34: 1336 | AJ34: 1336 | AL34: 1336 | AM34: 1336 | AN34: 1354 | AP34: 1398 | AQ34: 1482 | AR34: 1432 | AT34: 432 | AU34: 432 | AV34: 48

Sheet 排产原则-约束条件
A1: Site | B1: Material Type | C1: 约束类型 | D1: 规则名称 | E1: 约束性质 | F1: 权重（%） | G1: AI排产逻辑规范化示例 (AI Logic & Example)
A2: WE34 | B2: FG&SFIN | C2: 工装与人员 | D2: 多设备共用的同一模具/工装具备物理独占性，严格禁止跨设备时段冲突 | E2: 硬约束 | G2: 【逻辑公式】工装模具独占硬约束：若 Mold(Task_i) == M...
A3: WE34 | B3: FG&SFIN | C3: 异常应对 | D3: 面对前紧后松等负荷极端不均场景，启用跨周期滚动与弹性动态日历 | E3: 业务策略 | G3: 【异常策略】非均衡波峰响应：支持宏观日历跨周期滚动切片与局部日历弹性分...
A4: WE34 | B4: FG&SFIN | C4: 异常应对 | D4: 远期产能不足而近期富余时，自动将远期缺口需求前置到近期空闲时段提前生产（削峰填谷） | E4: 业务策略 | G4: 【排产策略】跨期预产与产能平准化：若 Demand_Far > Cap...
A5: WE34 | B5: FG&SFIN | C5: 异常应对 | D5: 支持同月内分段设置周/日级弹性日历，前段峰值连产、后段低谷轮休 | E5: 业务策略 | G5: 【异常策略】分段日历粒度：Calendar(Line, Period_...
A6: WE34 | B6: FG&SFIN | C6: 异常应对 | D6: 极限加班仍无法满足交付时锁定产能缺口，自动输出交期延期平移建议 | E6: 业务策略 | G6: 【异常策略】产能锁定与延期建议：若 极限产能 + 预排 + 加班 仍无...
A7: WE34 | B7: FG&SFIN | C7: 核心排班 | D7: 极度空闲时（周需求≤极限产能4/7），启用做四休三（周一至周四排产） | E7: 软约束 | G7: 【排班规则】阶梯1（极度空闲）：若 Demand_Weekly ≤ 4...
A8: WE34 | B8: FG&SFIN | C8: 核心排班 | D8: 正常均衡时（周需求在产能4/7至5/7），启用标准做五休二工作制 | E8: 软约束 | G8: 【排班规则】阶梯2（正常均衡）：若 4/7 × Max_Cap < D...
A9: WE34 | B9: FG&SFIN | C9: 核心排班 | D9: 产能紧张时（周需求>极限产能5/7），取消周末排休，启动连续生产 | E9: 软约束 | G9: 【排班规则】阶梯3（产能紧张）：若 Demand_Weekly > 5...
A10: WE34 | B10: FING | C10: 核心排班 | D10: 批次量必须满足MPQ，单班不足时强制跨班连续生产严禁切断换线 | E10: 硬约束 | G10: 【逻辑公式】连续跨班不可分割硬约束：Batch ≥ MPQ；若 班次产...
A11: WE34 | B11: FG&SFIN | C11: 核心排班 | D11: 成品装配时间围栏内已排产工单自动锁定，系统重排不得擅自挪移 | E11: 硬约束 | G11: 【逻辑公式】装配围栏保护硬约束：若 Schedule_Time(j) ...
A12: WE34 | B12: FING&SFIN | C12: 核心排班 | D12: 保交付前提下同类订单合并换型趋零，且跨班交接优先继承前班模具严防额外换型（权重80%） | E12: 软约束 | F12: 80 | G12: 【逻辑公式】换型成本与跨班继承软约束（权重80%）：Min ∑ [ 0...
A13: WE34 | B13: FING&SFIN | C13: 核心排班 | D13: 负荷不足95%时仅顺位前拉紧邻工单且允许跨班连续作业，严禁跳跃拣单（权重80%） | E13: 软约束 | F13: 80 | G13: 【逻辑公式】顺位填补与跨班连续软约束（权重80%）：若 Utiliza...
A14: WE34 | B14: FING&SFIN | C14: 核心排班 | D14: 成品生产精准匹配总订单需求，累计达标后即刻封盘停排 | E14: 硬约束 | G14: 【逻辑公式】成品按单交付硬约束：∑ Output = Total_De...
A15: WE34 | B15: FING&SFIN | C15: 核心排班 | D15: 特殊首批/质检跟线总成严格限制在指定的受控时间窗口内排产 | E15: 硬约束 | G15: 【逻辑公式】特定首批跟线时间窗硬约束：Schedule_Range ⊆...
A16: WE34 | B16: SFIN | C16: 核心排班 | D16: 优先按标准最小包装量（MPQ）整倍数批量排产投料（权重25%） | E16: 软约束 | F16: 25 | G16: 【逻辑公式】经济批量对齐软约束（权重25%）：Batch_Qty = ...
A17: WE34 | B17: FG&SFIN | C17: 测试场景 | D17: 验证极度空闲下是否正确集中在周一至四排产，且周四结存全覆盖周末需求 | E17: 测试用例 | G17: 【测试验证】极度空闲用例：输入月需求3000件（极限产能10000件）...
A18: WE34 | B18: FG&SFIN | C18: 测试场景 | D18: 验证单周需求突发激增时，系统能否将该周动态升阶为单休或连续生产 | E18: 测试用例 | G18: 【测试验证】局部脉冲用例：全月总负荷65%（整体做五休二），但第2周突...
A19: WE34 | B19: FG&SFIN | C19: 测试场景 | D19: 验证前半月爆单时拉满极限产能，绝不盲目均摊，并对溢出订单提前预排或告警 | E19: 测试用例 | G19: 【测试验证】前端拥堵用例：输入前15天负荷150%，后15天负荷20%...
A20: WE34 | B20: FG&SFIN | C20: 测试场景 | D20: 验证当总需求超出连续生产理论极限产能时，系统直接抛出产能瓶颈缺口告警 | E20: 测试用例 | G20: 【测试验证】绝对超载用例：全月订单需求 > 全月30天7×24H极限理...
A21: WE34 | B21: FING | C21: 物料与库存 | D21: 当天客户发货需求必须在早班完工入库后全额满足，禁止押后 | E21: 硬约束 | G21: 【逻辑公式】早班交付截单硬约束：Morning_Shift_Outpu...
A22: WE34 | B22: FING&SFIN | C22: 物料与库存 | D22: 工单最早开工时间受限于BOM关键物料预计入库时间，物料齐套方可开工 | E22: 硬约束 | G22: 【逻辑公式】物料齐套开工硬约束：Task_Start(i) ≥ Max...
A23: WE34 | B23: FING | C23: 物料与库存 | D23: 平准化调控排产，控制成品月末安全库存不超过2天日均发货量（权重20%） | E23: 软约束 | F23: 20 | G23: 【逻辑公式】月末安全库存管控软约束（权重20%）：Month_End_...
A24: WE34 | B24: SFIN | C24: 物料与库存 | D24: 半成品月末结余库存不得超过设定的安全库存标准天数（权重35%） | E24: 软约束 | F24: 35 | G24: 【逻辑公式】月末库存压降软约束（权重35%）：Month_End_St...
A25: WE34 | B25: FING | C25: 订单与交期 | D25: 向前合批拉单受订单类型严格限制（正式订单≤30天/准度预测≤10天/波动预测≤3-5天） | E25: 硬约束 | G25: 【逻辑公式】需求分级拉单时间窗硬约束：Pull_Window(Orde...
A26: WE34 | B26: FG&SFIN | C26: 系统架构 | D26: 产线与工作日历数据彻底解耦，产线按需动态绑定不同日历模板 | E26: 硬约束 | G26: 【架构规范】产线-日历解耦：Line_Master 与 Calenda...
A27: WE34 | B27: FG&SFIN | C27: 设备与产能 | D27: 按照开班日历排产，班次产能利用率必须保持在95%~105%之间 | E27: 硬约束 | G27: 【逻辑公式】班次利用率区间硬约束：95.0% ≤ Shift_Util...
A28: WE34 | B28: FG&SFIN | C28: 设备与产能 | D28: 设备计划性预防维护（PM）期间产能为0，排产任务必须避让、切分或顺延 | E28: 硬约束 | G28: 【逻辑公式】维保避让中断硬约束：[Task_Start(k), Tas...
A29: SY38 | B29: FING | C29: 异常应对 | D29: 紧急加急订单特批允许插入当天白班8小时内完工并发货 | E29: 硬约束 | G29: 【逻辑公式】日内紧急响应硬约束：若订单标记为当日加急，允许插入当天白班...
A30: SY38 | B30: SFIN | C30: 物料与库存 | D30: 保证装配不断线为最高优先级，允许偏撇物料单侧超最大库存生产 | E30: 硬约束 | G30: 【逻辑公式】Penalty(断线) = ∞；若 min(I_L, I_...
A31: SY38 | B31: SFIN | C31: 工装与人员 | D31: 左右件（L/R）共模联产品必须按模具型腔配比1:1同步排产产出 | E31: 硬约束 | G31: 【逻辑公式】同步产出约束：Output(L, t) = Output(...
A32: SY38 | B32: SFIN | C32: 物料与库存 | D32: 自制半成品可用库存必须至少提前12小时覆盖后道装配计划需求 | E32: 硬约束 | G32: 【逻辑公式】安全前置期硬约束：时刻 t 的可用库存 Stock(t) ...
A33: SY38 | B33: SFIN | C33: 核心排班 | D33: 单机台12小时内常规最多排产2套模具，极度紧张时允许增产但扣罚 | E33: 软约束 | F33: 30 | G33: 【逻辑公式】切换频次软约束：Count(换模次数 in 12H) ≤ ...
A34: SY38 | B34: FING | C34: 物料与库存 | D34: 成品动态结余库存上限不超过未来5天发货需求总量（权重60%） | E34: 软约束 | F34: 60 | G34: 【逻辑公式】库龄与库容软约束（权重60%）：Inventory(t) ...
A35: SY38 | B35: SFIN | C35: 物料与库存 | D35: 在保证不断线前提下半成品库存不超上限，超库施加80%惩罚 | E35: 软约束 | F35: 80 | G35: 【逻辑公式】软约束惩罚项：Min ∑ [ 0.80 × OverSto...
A36: SY38 | B36: FING | C36: 设备与产能 | D36: 班次产能利用率目标控制在95%~105%之间，偏离施加90%惩罚 | E36: 软约束 | F36: 90 | G36: 【逻辑公式】双边利用率目标（权重90%）：95% ≤ (实际排产工时 ...
A37: SY38 | B37: FING | C37: 物料与库存 | D37: 装配完工结余库存须至少提前1天满足次日发货需求（权重90%） | E37: 软约束 | F37: 90 | G37: 【逻辑公式】提前出货储备（权重90%）：Day(N)完工结余库存 ≥ ...
